normalized_name,normalized_province,geometry_id,province,province_code
abbadia cerreto,lodi,098001,Lodi,98
abbadia lariana,lecco,097001,Lecco,97
abbiategrasso,milano,015002,Milano,215
acquafredda,brescia,017001,Brescia,17
acquanegra cremonese,cremona,019001,Cremona,19
acquanegra sul chiese,mantova,020001,Mantova,20
adrara san martino,bergamo,016001,Bergamo,16
adrara san rocco,bergamo,016002,Bergamo,16
adro,brescia,017002,Brescia,17
agnadello,cremona,019002,Cremona,19
agnosine,brescia,017003,Brescia,17
agra,varese,012001,Varese,12
agrate brianza,monza e brianza,108001,Monza e Brianza,108
aicurzio,monza e brianza,108002,Monza e Brianza,108
airuno,lecco,097002,Lecco,97
alagna,pavia,018001,Pavia,18
albairate,milano,015005,Milano,215
albano sant alessandro,bergamo,016003,Bergamo,16
albaredo per san marco,sondrio,014001,Sondrio,14
albavilla,como,013003,Como,13
albese con cassano,como,013004,Como,13
albiate,monza e brianza,108003,Monza e Brianza,108
albino,bergamo,016004,Bergamo,16
albiolo,como,013005,Como,13
albizzate,varese,012002,Varese,12
albonese,pavia,018003,Pavia,18
albosaggia,sondrio,014002,Sondrio,14
albuzzano,pavia,018004,Pavia,18
alfianello,brescia,017004,Brescia,17
algua,bergamo,016248,Bergamo,16
alma,bergamo,016005,Bergamo,16
almenno san bartolomeo,bergamo,016006,Bergamo,16
almenno san salvatore,bergamo,016007,Bergamo,16
alserio,como,013006,Como,13
alta valle intelvi,como,013253,Como,13
alzano lombardo,bergamo,016008,Bergamo,16
alzate brianza,como,013007,Como,13
ambivere,bergamo,016009,Bergamo,16
andalo valtellino,sondrio,014003,Sondrio,14
anfo,brescia,017005,Brescia,17
angera,varese,012003,Varese,12
angolo terme,brescia,017006,Brescia,17
annicco,cremona,019003,Cremona,19
annone di brianza,lecco,097003,Lecco,97
antegnate,bergamo,016010,Bergamo,16
anzano del parco,como,013009,Como,13
appiano gentile,como,013010,Como,13
aprica,sondrio,014004,Sondrio,14
arcene,bergamo,016011,Bergamo,16
arcisate,varese,012004,Varese,12
arconate,milano,015007,Milano,215
arcore,monza e brianza,108004,Monza e Brianza,108
ardenno,sondrio,014005,Sondrio,14
ardesio,bergamo,016012,Bergamo,16
arena po,pavia,018005,Pavia,18
arese,milano,015009,Milano,215
argegno,como,013011,Como,13
arluno,milano,015010,Milano,215
arosio,como,013012,Como,13
arsago seprio,varese,012005,Varese,12
artogne,brescia,017007,Brescia,17
arzago d adda,bergamo,016013,Bergamo,16
asola,mantova,020002,Mantova,20
assago,milano,015011,Milano,215
asso,como,013013,Como,13
averara,bergamo,016014,Bergamo,16
aviatico,bergamo,016015,Bergamo,16
azzanello,cremona,019004,Cremona,19
azzano mella,brescia,017008,Brescia,17
azzano san paolo,bergamo,016016,Bergamo,16
azzate,varese,012006,Varese,12
azzio,varese,012007,Varese,12
azzone,bergamo,016017,Bergamo,16
badia pavese,pavia,018006,Pavia,18
bagnaria,pavia,018007,Pavia,18
bagnatica,bergamo,016018,Bergamo,16
bagnolo cremasco,cremona,019005,Cremona,19
bagnolo mella,brescia,017009,Brescia,17
bagnolo san vito,mantova,020003,Mantova,20
bagolino,brescia,017010,Brescia,17
ballabio,lecco,097004,Lecco,97
baranzate,milano,015250,Milano,215
barasso,varese,012008,Varese,12
barbariga,brescia,017011,Brescia,17
barbata,bergamo,016019,Bergamo,16
barbianello,pavia,018008,Pavia,18
bardello con malgesso e bregano,varese,012144,Varese,12
bareggio,milano,015012,Milano,215
barghe,brescia,017012,Brescia,17
bariano,bergamo,016020,Bergamo,16
barlassina,monza e brianza,108005,Monza e Brianza,108
barni,como,013015,Como,13
barzago,lecco,097005,Lecco,97
barzana,bergamo,016021,Bergamo,16
barzana2,lecco,097006,Lecco,97
barzio,lecco,097007,Lecco,97
bascapa,pavia,018009,Pavia,18
basiano,milano,015014,Milano,215
basiglio,milano,015015,Milano,215
bassano bresciano,brescia,017013,Brescia,17
bastida pancarana,pavia,018011,Pavia,18
battuda,pavia,018012,Pavia,18
bedero valcuvia,varese,012010,Varese,12
bedizzole,brescia,017014,Brescia,17
bedulita,bergamo,016022,Bergamo,16
belgioioso,pavia,018013,Pavia,18
bellagio,como,013250,Como,13
bellano,lecco,097008,Lecco,97
bellinzago lombardo,milano,015016,Milano,215
bellusco,monza e brianza,108006,Monza e Brianza,108
bema,sondrio,014006,Sondrio,14
bene lario,como,013021,Como,13
berbenno,bergamo,016023,Bergamo,16
berbenno di valtellina,sondrio,014007,Sondrio,14
beregazzo con figliaro,como,013022,Como,13
bereguardo,pavia,018014,Pavia,18
bergamo,bergamo,016024,Bergamo,16
berlingo,brescia,017015,Brescia,17
bernareggio,monza e brianza,108007,Monza e Brianza,108
bernate ticino,milano,015019,Milano,215
bertonico,lodi,098002,Lodi,98
berzo demo,brescia,017016,Brescia,17
berzo inferiore,brescia,017017,Brescia,17
berzo san fermo,bergamo,016025,Bergamo,16
besana in brianza,monza e brianza,108008,Monza e Brianza,108
besano,varese,012011,Varese,12
besate,milano,015022,Milano,215
besnate,varese,012012,Varese,12
besozzo,varese,012013,Varese,12
biandronno,varese,012014,Varese,12
bianzano,bergamo,016026,Bergamo,16
bianzone,sondrio,014008,Sondrio,14
biassono,monza e brianza,108009,Monza e Brianza,108
bienno,brescia,017018,Brescia,17
binago,como,013023,Como,13
binasco,milano,015024,Milano,215
bione,brescia,017019,Brescia,17
bisuschio,varese,012015,Varese,12
bizzarone,como,013024,Como,13
blello,bergamo,016027,Bergamo,16
blessagno,como,013025,Como,13
blevio,como,013026,Como,13
bodio lomnago,varese,012016,Varese,12
boffalora d adda,lodi,098003,Lodi,98
boffalora sopra ticino,milano,015026,Milano,215
bolgare,bergamo,016028,Bergamo,16
bollate,milano,015027,Milano,215
boltiere,bergamo,016029,Bergamo,16
bonate sopra,bergamo,016030,Bergamo,16
bonate sotto,bergamo,016031,Bergamo,16
bonemerse,cremona,019006,Cremona,19
bordolano,cremona,019007,Cremona,19
borgarello,pavia,018015,Pavia,18
borghetto lodigiano,lodi,098004,Lodi,98
borgo di terzo,bergamo,016032,Bergamo,16
borgo mantovano,mantova,020072,Mantova,20
borgo priolo,pavia,018016,Pavia,18
borgo san giacomo,brescia,017020,Brescia,17
borgo san giovanni,lodi,098005,Lodi,98
borgo san siro,pavia,018018,Pavia,18
borgo virgilio,mantova,020071,Mantova,20
borgocarbonara,mantova,020073,Mantova,20
borgoratto mormorolo,pavia,018017,Pavia,18
borgosatollo,brescia,017021,Brescia,17
bormio,sondrio,014009,Sondrio,14
bornasco,pavia,018019,Pavia,18
borno,brescia,017022,Brescia,17
bosisio parini,lecco,097009,Lecco,97
bosnasco,pavia,018020,Pavia,18
bossico,bergamo,016033,Bergamo,16
bottanuco,bergamo,016034,Bergamo,16
botticino,brescia,017023,Brescia,17
bovegno,brescia,017024,Brescia,17
bovezzo,brescia,017025,Brescia,17
bovisio masciago,monza e brianza,108010,Monza e Brianza,108
bozzolo,mantova,020007,Mantova,20
bracca,bergamo,016035,Bergamo,16
brallo di pregola,pavia,018021,Pavia,18
brandico,brescia,017026,Brescia,17
branzi,bergamo,016036,Bergamo,16
braone,brescia,017027,Brescia,17
brebbia,varese,012017,Varese,12
bregnano,como,013028,Como,13
brembate,bergamo,016037,Bergamo,16
brembate di sopra,bergamo,016038,Bergamo,16
brembio,lodi,098006,Lodi,98
breme,pavia,018022,Pavia,18
brenna,como,013029,Como,13
breno,brescia,017028,Brescia,17
brenta,varese,012019,Varese,12
brescia,brescia,017029,Brescia,17
bressana bottarone,pavia,018023,Pavia,18
bresso,milano,015032,Milano,215
brezzo di bedero,varese,012020,Varese,12
brienno,como,013030,Como,13
brignano gera d adda,bergamo,016040,Bergamo,16
brinzio,varese,012021,Varese,12
brione,brescia,017030,Brescia,17
briosco,monza e brianza,108011,Monza e Brianza,108
brissago valtravaglia,varese,012022,Varese,12
brivio,lecco,097010,Lecco,97
broni,pavia,018024,Pavia,18
brugherio,monza e brianza,108012,Monza e Brianza,108
brumano,bergamo,016041,Bergamo,16
brunate,como,013032,Como,13
brunello,varese,012023,Varese,12
brusaporto,bergamo,016042,Bergamo,16
brusimpiano,varese,012024,Varese,12
bubbiano,milano,015035,Milano,215
buccinasco,milano,015036,Milano,215
buglio in monte,sondrio,014010,Sondrio,14
buguggiate,varese,012025,Varese,12
bulciago,lecco,097011,Lecco,97
bulgarograsso,como,013034,Como,13
burago di molgora,monza e brianza,108013,Monza e Brianza,108
buscate,milano,015038,Milano,215
busnago,monza e brianza,108051,Monza e Brianza,108
bussero,milano,015040,Milano,215
busto arsizio,varese,012026,Varese,12
busto garolfo,milano,015041,Milano,215
cabiate,como,013035,Como,13
cadegliano viconago,varese,012027,Varese,12
cadorago,como,013036,Como,13
cadrezzate con osmate,varese,012143,Varese,12
caglio,como,013037,Como,13
caino,brescia,017031,Brescia,17
caiolo,sondrio,014011,Sondrio,14
cairate,varese,012029,Varese,12
calcinate,bergamo,016043,Bergamo,16
calcinato,brescia,017032,Brescia,17
calcio,bergamo,016044,Bergamo,16
calco,lecco,097012,Lecco,97
calolziocorte,lecco,097013,Lecco,97
calusco d adda,bergamo,016046,Bergamo,16
calvagese della riviera,brescia,017033,Brescia,17
calvatone,cremona,019009,Cremona,19
calvenzano,bergamo,016047,Bergamo,16
calvignano,pavia,018025,Pavia,18
calvignasco,milano,015042,Milano,215
calvisano,brescia,017034,Brescia,17
cambiago,milano,015044,Milano,215
camerata cornello,bergamo,016048,Bergamo,16
camisano,cremona,019010,Cremona,19
campagnola cremasca,cremona,019011,Cremona,19
camparada,monza e brianza,108014,Monza e Brianza,108
campione d italia,como,013040,Como,13
campodolcino,sondrio,014012,Sondrio,14
campospinoso albaredo,pavia,018026,Pavia,18
candia lomellina,pavia,018027,Pavia,18
canegrate,milano,015046,Milano,215
canneto pavese,pavia,018029,Pavia,18
canneto sull oglio,mantova,020008,Mantova,20
canonica d adda,bergamo,016049,Bergamo,16
canta1,como,013041,Como,13
cantello,varese,012030,Varese,12
canzo,como,013042,Como,13
capergnanica,cremona,019012,Cremona,19
capiago intimiano,como,013043,Como,13
capizzone,bergamo,016050,Bergamo,16
capo di ponte,brescia,017035,Brescia,17
caponago,monza e brianza,108052,Monza e Brianza,108
capovalle,brescia,017036,Brescia,17
cappella cantone,cremona,019013,Cremona,19
cappella de picenardi,cremona,019014,Cremona,19
capralba,cremona,019015,Cremona,19
capriano del colle,brescia,017037,Brescia,17
capriate san gervasio,bergamo,016051,Bergamo,16
caprino bergamasco,bergamo,016052,Bergamo,16
capriolo,brescia,017038,Brescia,17
carate brianza,monza e brianza,108015,Monza e Brianza,108
carate urio,como,013044,Como,13
caravaggio,bergamo,016053,Bergamo,16
caravate,varese,012031,Varese,12
carbonara al ticino,pavia,018030,Pavia,18
carbonate,como,013045,Como,13
cardano al campo,varese,012032,Varese,12
carenno,lecco,097014,Lecco,97
carimate,como,013046,Como,13
carlazzo,como,013047,Como,13
carnago,varese,012033,Varese,12
carnate,monza e brianza,108016,Monza e Brianza,108
carobbio degli angeli,bergamo,016055,Bergamo,16
carona,bergamo,016056,Bergamo,16
caronno pertusella,varese,012034,Varese,12
caronno varesino,varese,012035,Varese,12
carpenedolo,brescia,017039,Brescia,17
carpiano,milano,015050,Milano,215
carugate,milano,015051,Milano,215
carugo,como,013048,Como,13
carvico,bergamo,016057,Bergamo,16
casalbuttano ed uniti,cremona,019016,Cremona,19
casale cremasco vidolasco,cremona,019017,Cremona,19
casale litta,varese,012036,Varese,12
casaletto ceredano,cremona,019018,Cremona,19
casaletto di sopra,cremona,019019,Cremona,19
casaletto lodigiano,lodi,098008,Lodi,98
casaletto vaprio,cremona,019020,Cremona,19
casalmaggiore,cremona,019021,Cremona,19
casalmaiocco,lodi,098009,Lodi,98
casalmorano,cremona,019022,Cremona,19
casalmoro,mantova,020010,Mantova,20
casaloldo,mantova,020011,Mantova,20
casalpusterlengo,lodi,098010,Lodi,98
casalromano,mantova,020012,Mantova,20
casalzuigno,varese,012037,Varese,12
casanova lonati,pavia,018031,Pavia,18
casargo,lecco,097015,Lecco,97
casarile,milano,015055,Milano,215
casatenovo,lecco,097016,Lecco,97
casatisma,pavia,018032,Pavia,18
casazza,bergamo,016058,Bergamo,16
casciago,varese,012038,Varese,12
casei gerola,pavia,018033,Pavia,18
caselle landi,lodi,098011,Lodi,98
caselle lurani,lodi,098012,Lodi,98
casirate d adda,bergamo,016059,Bergamo,16
caslino d erba,como,013052,Como,13
casnate con bernate,como,013053,Como,13
casnigo,bergamo,016060,Bergamo,16
casorate primo,pavia,018034,Pavia,18
casorate sempione,varese,012039,Varese,12
casorezzo,milano,015058,Milano,215
caspoggio,sondrio,014013,Sondrio,14
cassago brianza,lecco,097017,Lecco,97
cassano d adda,milano,015059,Milano,215
cassano magnago,varese,012040,Varese,12
cassano valcuvia,varese,012041,Varese,12
cassiglio,bergamo,016061,Bergamo,16
cassina de pecchi,milano,015060,Milano,215
cassina rizzardi,como,013055,Como,13
cassina valsassina,lecco,097018,Lecco,97
cassinetta di lugagnano,milano,015061,Milano,215
cassolnovo,pavia,018035,Pavia,18
castana,pavia,018036,Pavia,18
castano primo,milano,015062,Milano,215
casteggio,pavia,018037,Pavia,18
castegnato,brescia,017040,Brescia,17
castel d ario,mantova,020014,Mantova,20
castel gabbiano,cremona,019024,Cremona,19
castel goffredo,mantova,020015,Mantova,20
castel mella,brescia,017042,Brescia,17
castel rozzone,bergamo,016063,Bergamo,16
castelbelforte,mantova,020013,Mantova,20
castelcovati,brescia,017041,Brescia,17
casteldidone,cremona,019023,Cremona,19
castelgerundo,lodi,098062,Lodi,98
castellanza,varese,012042,Varese,12
castelleone,cremona,019025,Cremona,19
castelletto di branduzzo,pavia,018038,Pavia,18
castelli calepio,bergamo,016062,Bergamo,16
castello cabiaglio,varese,012043,Varese,12
castello d agogna,pavia,018039,Pavia,18
castello dell acqua,sondrio,014014,Sondrio,14
castello di brianza,lecco,097019,Lecco,97
castellucchio,mantova,020016,Mantova,20
castelmarte,como,013058,Como,13
castelnovetto,pavia,018040,Pavia,18
castelnuovo bocca d adda,lodi,098013,Lodi,98
castelnuovo bozzente,como,013059,Como,13
castelseprio,varese,012044,Varese,12
castelveccana,varese,012045,Varese,12
castelverde,cremona,019026,Cremona,19
castelvisconti,cremona,019027,Cremona,19
castenedolo,brescia,017043,Brescia,17
castiglione d adda,lodi,098014,Lodi,98
castiglione delle stiviere,mantova,020017,Mantova,20
castiglione olona,varese,012046,Varese,12
castione andevenno,sondrio,014015,Sondrio,14
castione della presolana,bergamo,016064,Bergamo,16
castiraga vidardo,lodi,098015,Lodi,98
casto,brescia,017044,Brescia,17
castrezzato,brescia,017045,Brescia,17
castro,bergamo,016065,Bergamo,16
castronno,varese,012047,Varese,12
cava manara,pavia,018041,Pavia,18
cavargna,como,013062,Como,13
cavaria con premezzo,varese,012048,Varese,12
cavenago d adda,lodi,098017,Lodi,98
cavenago di brianza,monza e brianza,108017,Monza e Brianza,108
cavernago,bergamo,016066,Bergamo,16
cavriana,mantova,020018,Mantova,20
cazzago brabbia,varese,012049,Varese,12
cazzago san martino,brescia,017046,Brescia,17
cazzano sant andrea,bergamo,016067,Bergamo,16
cecima,pavia,018042,Pavia,18
cedegolo,brescia,017047,Brescia,17
cedrasco,sondrio,014016,Sondrio,14
cella dati,cremona,019028,Cremona,19
cellatica,brescia,017048,Brescia,17
cenate sopra,bergamo,016068,Bergamo,16
cenate sotto,bergamo,016069,Bergamo,16
cene,bergamo,016070,Bergamo,16
centro valle intelvi,como,013254,Como,13
cerano d intelvi,como,013063,Como,13
ceranova,pavia,018043,Pavia,18
cercino,sondrio,014017,Sondrio,14
ceresara,mantova,020019,Mantova,20
cerete,bergamo,016071,Bergamo,16
ceretto lomellina,pavia,018044,Pavia,18
cergnago,pavia,018045,Pavia,18
ceriano laghetto,monza e brianza,108018,Monza e Brianza,108
cermenate,como,013064,Como,13
cernobbio,como,013065,Como,13
cernusco lombardone,lecco,097020,Lecco,97
cernusco sul naviglio,milano,015070,Milano,215
cerro al lambro,milano,015071,Milano,215
cerro maggiore,milano,015072,Milano,215
certosa di pavia,pavia,018046,Pavia,18
cerveno,brescia,017049,Brescia,17
cervesina,pavia,018047,Pavia,18
cervignano d adda,lodi,098018,Lodi,98
cesana brianza,lecco,097021,Lecco,97
cesano boscone,milano,015074,Milano,215
cesano maderno,monza e brianza,108019,Monza e Brianza,108
cesate,milano,015076,Milano,215
ceto,brescia,017050,Brescia,17
cevo,brescia,017051,Brescia,17
chiari,brescia,017052,Brescia,17
chiavenna,sondrio,014018,Sondrio,14
chiesa in valmalenco,sondrio,014019,Sondrio,14
chieve,cremona,019029,Cremona,19
chignolo d isola,bergamo,016072,Bergamo,16
chignolo po,pavia,018048,Pavia,18
chiuduno,bergamo,016073,Bergamo,16
chiuro,sondrio,014020,Sondrio,14
cicognolo,cremona,019030,Cremona,19
cigognola,pavia,018049,Pavia,18
cigole,brescia,017053,Brescia,17
cilavegna,pavia,018050,Pavia,18
cimbergo,brescia,017054,Brescia,17
cingia de botti,cremona,019031,Cremona,19
cinisello balsamo,milano,015077,Milano,215
cino,sondrio,014021,Sondrio,14
cirimido,como,013068,Como,13
cisano bergamasco,bergamo,016074,Bergamo,16
ciserano,bergamo,016075,Bergamo,16
cislago,varese,012050,Varese,12
cisliano,milano,015078,Milano,215
cittiglio,varese,012051,Varese,12
civate,lecco,097022,Lecco,97
cividate al piano,bergamo,016076,Bergamo,16
cividate camuno,brescia,017055,Brescia,17
civo,sondrio,014022,Sondrio,14
claino con osteno,como,013071,Como,13
clivio,varese,012052,Varese,12
clusone,bergamo,016077,Bergamo,16
coccaglio,brescia,017056,Brescia,17
cocquio trevisago,varese,012053,Varese,12
codevilla,pavia,018051,Pavia,18
codogno,lodi,098019,Lodi,98
cogliate,monza e brianza,108020,Monza e Brianza,108
colere,bergamo,016078,Bergamo,16
colico,lecco,097023,Lecco,97
colle brianza,lecco,097024,Lecco,97
collebeato,brescia,017057,Brescia,17
colli verdi,pavia,018193,Pavia,18
collio,brescia,017058,Brescia,17
cologne,brescia,017059,Brescia,17
cologno al serio,bergamo,016079,Bergamo,16
cologno monzese,milano,015081,Milano,215
colonno,como,013074,Como,13
colorina,sondrio,014023,Sondrio,14
colturano,milano,015082,Milano,215
colverde,como,013251,Como,13
colzate,bergamo,016080,Bergamo,16
comabbio,varese,012054,Varese,12
comazzo,lodi,098020,Lodi,98
comerio,varese,012055,Varese,12
comezzano cizzago,brescia,017060,Brescia,17
commessaggio,mantova,020020,Mantova,20
como,como,013075,Como,13
comun nuovo,bergamo,016081,Bergamo,16
concesio,brescia,017061,Brescia,17
concorezzo,monza e brianza,108021,Monza e Brianza,108
confienza,pavia,018052,Pavia,18
copiano,pavia,018053,Pavia,18
corana,pavia,018054,Pavia,18
corbetta,milano,015085,Milano,215
cormano,milano,015086,Milano,215
corna imagna,bergamo,016082,Bergamo,16
cornalba,bergamo,016249,Bergamo,16
cornale e bastida,pavia,018191,Pavia,18
cornaredo,milano,015087,Milano,215
cornate d adda,monza e brianza,108053,Monza e Brianza,108
cornegliano laudense,lodi,098021,Lodi,98
corno giovine,lodi,098022,Lodi,98
cornovecchio,lodi,098023,Lodi,98
correzzana,monza e brianza,108022,Monza e Brianza,108
corrido,como,013077,Como,13
corsico,milano,015093,Milano,215
corte de cortesi con cignone,cremona,019032,Cremona,19
corte de frati,cremona,019033,Cremona,19
corte franca,brescia,017062,Brescia,17
corte palasio,lodi,098024,Lodi,98
corteno golgi,brescia,017063,Brescia,17
cortenova,lecco,097025,Lecco,97
cortenuova,bergamo,016083,Bergamo,16
corteolona e genzone,pavia,018192,Pavia,18
corvino san quirico,pavia,018057,Pavia,18
corzano,brescia,017064,Brescia,17
cosio valtellino,sondrio,014024,Sondrio,14
costa de nobili,pavia,018058,Pavia,18
costa di mezzate,bergamo,016084,Bergamo,16
costa masnaga,lecco,097026,Lecco,97
costa serina,bergamo,016247,Bergamo,16
costa valle imagna,bergamo,016085,Bergamo,16
costa volpino,bergamo,016086,Bergamo,16
covo,bergamo,016087,Bergamo,16
cozzo,pavia,018059,Pavia,18
crandola valsassina,lecco,097027,Lecco,97
credaro,bergamo,016088,Bergamo,16
credera rubbiano,cremona,019034,Cremona,19
crema,cremona,019035,Cremona,19
cremella,lecco,097028,Lecco,97
cremenaga,varese,012056,Varese,12
cremeno,lecco,097029,Lecco,97
cremia,como,013083,Como,13
cremona,cremona,019036,Cremona,19
cremosano,cremona,019037,Cremona,19
crespiatica,lodi,098025,Lodi,98
crosio della valle,varese,012057,Varese,12
crotta d adda,cremona,019038,Cremona,19
cuasso al monte,varese,012058,Varese,12
cucciago,como,013084,Como,13
cuggiono,milano,015096,Milano,215
cugliate fabiasco,varese,012059,Varese,12
cumignano sul naviglio,cremona,019039,Cremona,19
cunardo,varese,012060,Varese,12
cura carpignano,pavia,018060,Pavia,18
curiglia con monteviasco,varese,012061,Varese,12
curno,bergamo,016089,Bergamo,16
curtatone,mantova,020021,Mantova,20
cusago,milano,015097,Milano,215
cusano milanino,milano,015098,Milano,215
cusino,como,013085,Como,13
cusio,bergamo,016090,Bergamo,16
cuveglio,varese,012062,Varese,12
cuvio,varese,012063,Varese,12
dairago,milano,015099,Milano,215
dalmine,bergamo,016091,Bergamo,16
darfo boario terme,brescia,017065,Brescia,17
daverio,varese,012064,Varese,12
dazio,sondrio,014025,Sondrio,14
delebio,sondrio,014026,Sondrio,14
dello,brescia,017066,Brescia,17
derovere,cremona,019040,Cremona,19
dervio,lecco,097030,Lecco,97
desenzano del garda,brescia,017067,Brescia,17
desio,monza e brianza,108023,Monza e Brianza,108
dizzasco,como,013087,Como,13
dolzago,lecco,097031,Lecco,97
domaso,como,013089,Como,13
dongo,como,013090,Como,13
dorio,lecco,097032,Lecco,97
dorno,pavia,018061,Pavia,18
dosolo,mantova,020022,Mantova,20
dossena,bergamo,016092,Bergamo,16
dosso del liro,como,013092,Como,13
dovera,cremona,019041,Cremona,19
dresano,milano,015101,Milano,215
dubino,sondrio,014027,Sondrio,14
dumenza,varese,012065,Varese,12
duno,varese,012066,Varese,12
edolo,brescia,017068,Brescia,17
ello,lecco,097033,Lecco,97
endine gaiano,bergamo,016093,Bergamo,16
entratico,bergamo,016094,Bergamo,16
erba,como,013095,Como,13
erbusco,brescia,017069,Brescia,17
erve,lecco,097034,Lecco,97
esine,brescia,017070,Brescia,17
esino lario,lecco,097035,Lecco,97
eupilio,como,013097,Como,13
faedo valtellino,sondrio,014028,Sondrio,14
faggeto lario,como,013098,Como,13
fagnano olona,varese,012067,Varese,12
faloppio,como,013099,Como,13
fara gera d adda,bergamo,016096,Bergamo,16
fara olivana con sola,bergamo,016097,Bergamo,16
fenegra2,como,013100,Como,13
ferno,varese,012068,Varese,12
ferrera di varese,varese,012069,Varese,12
ferrera erbognone,pavia,018062,Pavia,18
fiesco,cremona,019043,Cremona,19
fiesse,brescia,017071,Brescia,17
figino serenza,como,013101,Como,13
filago,bergamo,016098,Bergamo,16
filighera,pavia,018063,Pavia,18
fino del monte,bergamo,016099,Bergamo,16
fino mornasco,como,013102,Como,13
fiorano al serio,bergamo,016100,Bergamo,16
flero,brescia,017072,Brescia,17
fombio,lodi,098026,Lodi,98
fontanella,bergamo,016101,Bergamo,16
fonteno,bergamo,016102,Bergamo,16
foppolo,bergamo,016103,Bergamo,16
forcola,sondrio,014029,Sondrio,14
foresto sparso,bergamo,016104,Bergamo,16
formigara,cremona,019044,Cremona,19
fornovo san giovanni,bergamo,016105,Bergamo,16
fortunago,pavia,018064,Pavia,18
frascarolo,pavia,018065,Pavia,18
fuipiano valle imagna,bergamo,016106,Bergamo,16
fusine,sondrio,014030,Sondrio,14
gabbioneta binanuova,cremona,019045,Cremona,19
gadesco pieve delmona,cremona,019046,Cremona,19
gaggiano,milano,015103,Milano,215
galbiate,lecco,097036,Lecco,97
galgagnano,lodi,098027,Lodi,98
gallarate,varese,012070,Varese,12
galliate lombardo,varese,012071,Varese,12
galliavola,pavia,018066,Pavia,18
gambara,brescia,017073,Brescia,17
gambarana,pavia,018067,Pavia,18
gambola2,pavia,018068,Pavia,18
gandellino,bergamo,016107,Bergamo,16
gandino,bergamo,016108,Bergamo,16
gandosso,bergamo,016109,Bergamo,16
garbagnate milanese,milano,015105,Milano,215
garbagnate monastero,lecco,097037,Lecco,97
gardone riviera,brescia,017074,Brescia,17
gardone val trompia,brescia,017075,Brescia,17
gargnano,brescia,017076,Brescia,17
garlasco,pavia,018069,Pavia,18
garlate,lecco,097038,Lecco,97
garzeno,como,013106,Como,13
gavardo,brescia,017077,Brescia,17
gaverina terme,bergamo,016110,Bergamo,16
gavirate,varese,012072,Varese,12
gazoldo degli ippoliti,mantova,020024,Mantova,20
gazzada schianno,varese,012073,Varese,12
gazzaniga,bergamo,016111,Bergamo,16
gazzuolo,mantova,020025,Mantova,20
gemonio,varese,012074,Varese,12
genivolta,cremona,019047,Cremona,19
gera lario,como,013107,Como,13
gerenzago,pavia,018071,Pavia,18
gerenzano,varese,012075,Varese,12
germignaga,varese,012076,Varese,12
gerola alta,sondrio,014031,Sondrio,14
gerre de caprioli,cremona,019048,Cremona,19
gessate,milano,015106,Milano,215
ghedi,brescia,017078,Brescia,17
ghisalba,bergamo,016113,Bergamo,16
gianico,brescia,017079,Brescia,17
giussago,pavia,018072,Pavia,18
giussano,monza e brianza,108024,Monza e Brianza,108
godiasco salice terme,pavia,018073,Pavia,18
goito,mantova,020026,Mantova,20
golasecca,varese,012077,Varese,12
golferenzo,pavia,018074,Pavia,18
gombito,cremona,019049,Cremona,19
gonzaga,mantova,020027,Mantova,20
gordona,sondrio,014032,Sondrio,14
gorgonzola,milano,015108,Milano,215
gorla maggiore,varese,012078,Varese,12
gorla minore,varese,012079,Varese,12
gorlago,bergamo,016114,Bergamo,16
gorle,bergamo,016115,Bergamo,16
gornate olona,varese,012080,Varese,12
gorno,bergamo,016116,Bergamo,16
gottolengo,brescia,017080,Brescia,17
graffignana,lodi,098028,Lodi,98
grandate,como,013110,Como,13
grandola ed uniti,como,013111,Como,13
grantola,varese,012081,Varese,12
grassobbio,bergamo,016117,Bergamo,16
gravedona ed uniti,como,013249,Como,13
gravellona lomellina,pavia,018075,Pavia,18
grezzago,milano,015110,Milano,215
griante,como,013113,Como,13
gromo,bergamo,016118,Bergamo,16
grone,bergamo,016119,Bergamo,16
grontardo,cremona,019050,Cremona,19
gropello cairoli,pavia,018076,Pavia,18
grosio,sondrio,014033,Sondrio,14
grosotto,sondrio,014034,Sondrio,14
grumello cremonese ed uniti,cremona,019051,Cremona,19
grumello del monte,bergamo,016120,Bergamo,16
guanzate,como,013114,Como,13
guardamiglio,lodi,098029,Lodi,98
gudo visconti,milano,015112,Milano,215
guidizzolo,mantova,020028,Mantova,20
gussago,brescia,017081,Brescia,17
gussola,cremona,019052,Cremona,19
idro,brescia,017082,Brescia,17
imbersago,lecco,097039,Lecco,97
inarzo,varese,012082,Varese,12
incudine,brescia,017083,Brescia,17
induno olona,varese,012083,Varese,12
introbio,lecco,097040,Lecco,97
inverigo,como,013118,Como,13
inverno e monteleone,pavia,018077,Pavia,18
inveruno,milano,015113,Milano,215
inzago,milano,015114,Milano,215
irma,brescia,017084,Brescia,17
iseo,brescia,017085,Brescia,17
isola di fondra,bergamo,016121,Bergamo,16
isola dovarese,cremona,019053,Cremona,19
isorella,brescia,017086,Brescia,17
ispra,varese,012084,Varese,12
isso,bergamo,016122,Bergamo,16
izano,cremona,019054,Cremona,19
jerago con orago,varese,012085,Varese,12
la valletta brianza,lecco,097092,Lecco,97
lacchiarella,milano,015115,Milano,215
laglio,como,013119,Como,13
lainate,milano,015116,Milano,215
laino,como,013120,Como,13
lallio,bergamo,016123,Bergamo,16
lambrugo,como,013121,Como,13
landriano,pavia,018078,Pavia,18
langosco,pavia,018079,Pavia,18
lanzada,sondrio,014036,Sondrio,14
lardirago,pavia,018080,Pavia,18
lasnigo,como,013123,Como,13
lavena ponte tresa,varese,012086,Varese,12
laveno mombello,varese,012087,Varese,12
lavenone,brescia,017087,Brescia,17
lazzate,monza e brianza,108025,Monza e Brianza,108
lecco,lecco,097042,Lecco,97
leffe,bergamo,016124,Bergamo,16
leggiuno,varese,012088,Varese,12
legnano,milano,015118,Milano,215
lenna,bergamo,016125,Bergamo,16
leno,brescia,017088,Brescia,17
lentate sul seveso,monza e brianza,108054,Monza e Brianza,108
lesmo,monza e brianza,108026,Monza e Brianza,108
levate,bergamo,016126,Bergamo,16
lezzeno,como,013126,Como,13
lierna,lecco,097043,Lecco,97
limbiate,monza e brianza,108027,Monza e Brianza,108
limido comasco,como,013128,Como,13
limone sul garda,brescia,017089,Brescia,17
linarolo,pavia,018081,Pavia,18
lipomo,como,013129,Como,13
lirio,pavia,018082,Pavia,18
liscate,milano,015122,Milano,215
lissone,monza e brianza,108028,Monza e Brianza,108
livigno,sondrio,014037,Sondrio,14
livo,como,013130,Como,13
livraga,lodi,098030,Lodi,98
locate di triulzi,milano,015125,Milano,215
locate varesino,como,013131,Como,13
locatello,bergamo,016127,Bergamo,16
lodi,lodi,098031,Lodi,98
lodi vecchio,lodi,098032,Lodi,98
lodrino,brescia,017090,Brescia,17
lograto,brescia,017091,Brescia,17
lomagna,lecco,097044,Lecco,97
lomazzo,como,013133,Como,13
lomello,pavia,018083,Pavia,18
lonate ceppino,varese,012089,Varese,12
lonate pozzolo,varese,012090,Varese,12
lonato del garda,brescia,017092,Brescia,17
longhena,brescia,017093,Brescia,17
longone al segrino,como,013134,Como,13
losine,brescia,017094,Brescia,17
lovere,bergamo,016128,Bergamo,16
lovero,sondrio,014038,Sondrio,14
lozio,brescia,017095,Brescia,17
lozza,varese,012091,Varese,12
luino,varese,012092,Varese,12
luisago,como,013135,Como,13
lumezzane,brescia,017096,Brescia,17
lungavilla,pavia,018084,Pavia,18
lurago d erba,como,013136,Como,13
lurago marinone,como,013137,Como,13
lurano,bergamo,016129,Bergamo,16
lurate caccivio,como,013138,Como,13
luvinate,varese,012093,Varese,12
luzzana,bergamo,016130,Bergamo,16
maccagno con pino e veddasca,varese,012142,Varese,12
maccastorna,lodi,098033,Lodi,98
macherio,monza e brianza,108029,Monza e Brianza,108
maclodio,brescia,017097,Brescia,17
madesimo,sondrio,014035,Sondrio,14
madignano,cremona,019055,Cremona,19
madone,bergamo,016131,Bergamo,16
magasa,brescia,017098,Brescia,17
magenta,milano,015130,Milano,215
magherno,pavia,018085,Pavia,18
magnacavallo,mantova,020029,Mantova,20
magnago,milano,015131,Milano,215
magreglio,como,013139,Como,13
mairago,lodi,098034,Lodi,98
mairano,brescia,017099,Brescia,17
malagnino,cremona,019056,Cremona,19
malegno,brescia,017100,Brescia,17
maleo,lodi,098035,Lodi,98
malgrate,lecco,097045,Lecco,97
malnate,varese,012096,Varese,12
malonno,brescia,017101,Brescia,17
mandello del lario,lecco,097046,Lecco,97
manerba del garda,brescia,017102,Brescia,17
manerbio,brescia,017103,Brescia,17
mantello,sondrio,014039,Sondrio,14
mantova,mantova,020030,Mantova,20
mapello,bergamo,016132,Bergamo,16
marcallo con casone,milano,015134,Milano,215
marcaria,mantova,020031,Mantova,20
marcheno,brescia,017104,Brescia,17
marchirolo,varese,012097,Varese,12
marcignago,pavia,018086,Pavia,18
margno,lecco,097047,Lecco,97
mariana mantovana,mantova,020032,Mantova,20
mariano comense,como,013143,Como,13
marmentino,brescia,017105,Brescia,17
marmirolo,mantova,020033,Mantova,20
marnate,varese,012098,Varese,12
marone,brescia,017106,Brescia,17
martignana di po,cremona,019057,Cremona,19
martinengo,bergamo,016133,Bergamo,16
marudo,lodi,098036,Lodi,98
marzano,pavia,018087,Pavia,18
marzio,varese,012099,Varese,12
masate,milano,015136,Milano,215
masciago primo,varese,012100,Varese,12
maslianico,como,013144,Como,13
massalengo,lodi,098037,Lodi,98
mazzano,brescia,017107,Brescia,17
mazzo di valtellina,sondrio,014040,Sondrio,14
meda,monza e brianza,108030,Monza e Brianza,108
mede,pavia,018088,Pavia,18
mediglia,milano,015139,Milano,215
medolago,bergamo,016250,Bergamo,16
medole,mantova,020034,Mantova,20
melegnano,milano,015140,Milano,215
meleti,lodi,098038,Lodi,98
mello,sondrio,014041,Sondrio,14
melzo,milano,015142,Milano,215
menaggio,como,013145,Como,13
menconico,pavia,018089,Pavia,18
merate,lecco,097048,Lecco,97
mercallo,varese,012101,Varese,12
merlino,lodi,098039,Lodi,98
merone,como,013147,Como,13
mese,sondrio,014043,Sondrio,14
mesenzana,varese,012102,Varese,12
mesero,milano,015144,Milano,215
mezzago,monza e brianza,108031,Monza e Brianza,108
mezzana bigli,pavia,018090,Pavia,18
mezzana rabattone,pavia,018091,Pavia,18
mezzanino,pavia,018092,Pavia,18
mezzoldo,bergamo,016134,Bergamo,16
milano,milano,015146,Milano,215
milzano,brescia,017108,Brescia,17
miradolo terme,pavia,018093,Pavia,18
misano di gera d adda,bergamo,016135,Bergamo,16
misinto,monza e brianza,108032,Monza e Brianza,108
missaglia,lecco,097049,Lecco,97
moggio,lecco,097050,Lecco,97
moglia,mantova,020035,Mantova,20
moio de calvi,bergamo,016136,Bergamo,16
molteno,lecco,097051,Lecco,97
moltrasio,como,013152,Como,13
monasterolo del castello,bergamo,016137,Bergamo,16
monguzzo,como,013153,Como,13
moniga del garda,brescia,017109,Brescia,17
monno,brescia,017110,Brescia,17
monta1 beccaria,pavia,018100,Pavia,18
montagna in valtellina,sondrio,014044,Sondrio,14
montalto pavese,pavia,018094,Pavia,18
montanaso lombardo,lodi,098040,Lodi,98
montano lucino,como,013154,Como,13
monte cremasco,cremona,019058,Cremona,19
monte isola,brescia,017111,Brescia,17
monte marenzo,lecco,097052,Lecco,97
montebello della battaglia,pavia,018095,Pavia,18
montecalvo versiggia,pavia,018096,Pavia,18
montegrino valtravaglia,varese,012103,Varese,12
montello,bergamo,016139,Bergamo,16
montemezzo,como,013155,Como,13
montescano,pavia,018097,Pavia,18
montesegale,pavia,018098,Pavia,18
montevecchia,lecco,097053,Lecco,97
monticelli brusati,brescia,017112,Brescia,17
monticelli pavese,pavia,018099,Pavia,18
monticello brianza,lecco,097054,Lecco,97
montichiari,brescia,017113,Brescia,17
montirone,brescia,017114,Brescia,17
montodine,cremona,019059,Cremona,19
montorfano,como,013157,Como,13
monvalle,varese,012104,Varese,12
monza,monza e brianza,108033,Monza e Brianza,108
monzambano,mantova,020036,Mantova,20
morazzone,varese,012105,Varese,12
morbegno,sondrio,014045,Sondrio,14
morengo,bergamo,016140,Bergamo,16
morimondo,milano,015150,Milano,215
mornago,varese,012106,Varese,12
mornico al serio,bergamo,016141,Bergamo,16
mornico losana,pavia,018101,Pavia,18
mortara,pavia,018102,Pavia,18
morterone,lecco,097055,Lecco,97
moscazzano,cremona,019060,Cremona,19
motta baluffi,cremona,019061,Cremona,19
motta visconti,milano,015151,Milano,215
motteggiana,mantova,020037,Mantova,20
mozzanica,bergamo,016142,Bergamo,16
mozzate,como,013159,Como,13
mozzo,bergamo,016143,Bergamo,16
muggia2,monza e brianza,108034,Monza e Brianza,108
mulazzano,lodi,098041,Lodi,98
mura,brescia,017115,Brescia,17
muscoline,brescia,017116,Brescia,17
musso,como,013160,Como,13
nave,brescia,017117,Brescia,17
nembro,bergamo,016144,Bergamo,16
nerviano,milano,015154,Milano,215
nesso,como,013161,Como,13
niardo,brescia,017118,Brescia,17
nibionno,lecco,097056,Lecco,97
nicorvo,pavia,018103,Pavia,18
nosate,milano,015155,Milano,215
nova milanese,monza e brianza,108035,Monza e Brianza,108
novate mezzola,sondrio,014046,Sondrio,14
novate milanese,milano,015157,Milano,215
novedrate,como,013163,Como,13
noviglio,milano,015158,Milano,215
nuvolento,brescia,017119,Brescia,17
nuvolera,brescia,017120,Brescia,17
odolo,brescia,017121,Brescia,17
offanengo,cremona,019062,Cremona,19
offlaga,brescia,017122,Brescia,17
oggiona con santo stefano,varese,012107,Varese,12
oggiono,lecco,097057,Lecco,97
olevano di lomellina,pavia,018104,Pavia,18
olgiate comasco,como,013165,Como,13
olgiate molgora,lecco,097058,Lecco,97
olgiate olona,varese,012108,Varese,12
olginate,lecco,097059,Lecco,97
oliva gessi,pavia,018105,Pavia,18
oliveto lario,lecco,097060,Lecco,97
olmeneta,cremona,019063,Cremona,19
olmo al brembo,bergamo,016145,Bergamo,16
oltre il colle,bergamo,016146,Bergamo,16
oltressenda alta,bergamo,016147,Bergamo,16
oltrona di san mamette,como,013169,Como,13
ome,brescia,017123,Brescia,17
oneta,bergamo,016148,Bergamo,16
ono san pietro,brescia,017124,Brescia,17
onore,bergamo,016149,Bergamo,16
opera,milano,015159,Milano,215
origgio,varese,012109,Varese,12
orino,varese,012110,Varese,12
orio al serio,bergamo,016150,Bergamo,16
orio litta,lodi,098042,Lodi,98
ornago,monza e brianza,108036,Monza e Brianza,108
ornica,bergamo,016151,Bergamo,16
orsenigo,como,013170,Como,13
orzinuovi,brescia,017125,Brescia,17
orzivecchi,brescia,017126,Brescia,17
osio sopra,bergamo,016152,Bergamo,16
osio sotto,bergamo,016153,Bergamo,16
osnago,lecco,097061,Lecco,97
ospedaletto lodigiano,lodi,098043,Lodi,98
ospitaletto,brescia,017127,Brescia,17
ossago lodigiano,lodi,098044,Lodi,98
ossimo,brescia,017128,Brescia,17
ossona,milano,015164,Milano,215
ostiano,cremona,019064,Cremona,19
ostiglia,mantova,020038,Mantova,20
ottobiano,pavia,018106,Pavia,18
ozzero,milano,015165,Milano,215
padenghe sul garda,brescia,017129,Brescia,17
paderno d adda,lecco,097062,Lecco,97
paderno dugnano,milano,015166,Milano,215
paderno franciacorta,brescia,017130,Brescia,17
paderno ponchielli,cremona,019065,Cremona,19
pagazzano,bergamo,016154,Bergamo,16
pagnona,lecco,097063,Lecco,97
paisco loveno,brescia,017131,Brescia,17
paitone,brescia,017132,Brescia,17
paladina,bergamo,016155,Bergamo,16
palazzago,bergamo,016156,Bergamo,16
palazzo pignano,cremona,019066,Cremona,19
palazzolo sull oglio,brescia,017133,Brescia,17
palestro,pavia,018107,Pavia,18
palosco,bergamo,016157,Bergamo,16
pancarana,pavia,018108,Pavia,18
pandino,cremona,019067,Cremona,19
pantigliate,milano,015167,Milano,215
parabiago,milano,015168,Milano,215
paratico,brescia,017134,Brescia,17
parlasco,lecco,097064,Lecco,97
parona,pavia,018109,Pavia,18
parre,bergamo,016158,Bergamo,16
parzanica,bergamo,016159,Bergamo,16
paspardo,brescia,017135,Brescia,17
passirano,brescia,017136,Brescia,17
pasturo,lecco,097065,Lecco,97
paullo,milano,015169,Milano,215
pavia,pavia,018110,Pavia,18
pavone del mella,brescia,017137,Brescia,17
pedesina,sondrio,014047,Sondrio,14
pedrengo,bergamo,016160,Bergamo,16
peglio,como,013178,Como,13
pegognaga,mantova,020039,Mantova,20
peia,bergamo,016161,Bergamo,16
perledo,lecco,097067,Lecco,97
pero,milano,015170,Milano,215
persico dosimo,cremona,019068,Cremona,19
pertica alta,brescia,017139,Brescia,17
pertica bassa,brescia,017140,Brescia,17
pescarolo ed uniti,cremona,019069,Cremona,19
pescate,lecco,097068,Lecco,97
peschiera borromeo,milano,015171,Milano,215
pessano con bornago,milano,015172,Milano,215
pessina cremonese,cremona,019070,Cremona,19
pezzaze,brescia,017141,Brescia,17
piadena drizzona,cremona,019116,Cremona,19
pian camuno,brescia,017142,Brescia,17
piancogno,brescia,017206,Brescia,17
pianello del lario,como,013183,Como,13
pianengo,cremona,019072,Cremona,19
pianico,bergamo,016162,Bergamo,16
piantedo,sondrio,014048,Sondrio,14
piario,bergamo,016163,Bergamo,16
piateda,sondrio,014049,Sondrio,14
piazza brembana,bergamo,016164,Bergamo,16
piazzatorre,bergamo,016165,Bergamo,16
piazzolo,bergamo,016166,Bergamo,16
pieranica,cremona,019073,Cremona,19
pietra de giorgi,pavia,018111,Pavia,18
pieve albignola,pavia,018112,Pavia,18
pieve d olmi,cremona,019074,Cremona,19
pieve del cairo,pavia,018113,Pavia,18
pieve emanuele,milano,015173,Milano,215
pieve fissiraga,lodi,098045,Lodi,98
pieve porto morone,pavia,018114,Pavia,18
pieve san giacomo,cremona,019075,Cremona,19
pigra,como,013184,Como,13
pinarolo po,pavia,018115,Pavia,18
pioltello,milano,015175,Milano,215
pisogne,brescia,017143,Brescia,17
piubega,mantova,020041,Mantova,20
piuro,sondrio,014050,Sondrio,14
pizzale,pavia,018116,Pavia,18
pizzighettone,cremona,019076,Cremona,19
plesio,como,013185,Como,13
poggio rusco,mantova,020042,Mantova,20
poggiridenti,sondrio,014051,Sondrio,14
pogliano milanese,milano,015176,Milano,215
pognana lario,como,013186,Como,13
pognano,bergamo,016167,Bergamo,16
polaveno,brescia,017144,Brescia,17
polpenazze del garda,brescia,017145,Brescia,17
pompiano,brescia,017146,Brescia,17
pomponesco,mantova,020043,Mantova,20
poncarale,brescia,017147,Brescia,17
ponna,como,013187,Como,13
ponte di legno,brescia,017148,Brescia,17
ponte in valtellina,sondrio,014052,Sondrio,14
ponte lambro,como,013188,Como,13
ponte nizza,pavia,018117,Pavia,18
ponte nossa,bergamo,016168,Bergamo,16
ponte san pietro,bergamo,016170,Bergamo,16
ponteranica,bergamo,016169,Bergamo,16
pontevico,brescia,017149,Brescia,17
ponti sul mincio,mantova,020044,Mantova,20
pontida,bergamo,016171,Bergamo,16
pontirolo nuovo,bergamo,016172,Bergamo,16
pontoglio,brescia,017150,Brescia,17
porlezza,como,013189,Como,13
portalbera,pavia,018118,Pavia,18
porto ceresio,varese,012113,Varese,12
porto mantovano,mantova,020045,Mantova,20
porto valtravaglia,varese,012114,Varese,12
postalesio,sondrio,014053,Sondrio,14
pozzaglio ed uniti,cremona,019077,Cremona,19
pozzo d adda,milano,015177,Milano,215
pozzolengo,brescia,017151,Brescia,17
pozzuolo martesana,milano,015178,Milano,215
pradalunga,bergamo,016173,Bergamo,16
pralboino,brescia,017152,Brescia,17
prata camportaccio,sondrio,014054,Sondrio,14
predore,bergamo,016174,Bergamo,16
pregnana milanese,milano,015179,Milano,215
premana,lecco,097069,Lecco,97
premolo,bergamo,016175,Bergamo,16
preseglie,brescia,017153,Brescia,17
presezzo,bergamo,016176,Bergamo,16
prevalle,brescia,017155,Brescia,17
primaluna,lecco,097070,Lecco,97
proserpio,como,013192,Como,13
provaglio d iseo,brescia,017156,Brescia,17
provaglio val sabbia,brescia,017157,Brescia,17
puegnago del garda,brescia,017158,Brescia,17
pumenengo,bergamo,016177,Bergamo,16
pusiano,como,013193,Como,13
quingentole,mantova,020046,Mantova,20
quintano,cremona,019078,Cremona,19
quinzano d oglio,brescia,017159,Brescia,17
quistello,mantova,020047,Mantova,20
rancio valcuvia,varese,012115,Varese,12
ranco,varese,012116,Varese,12
ranica,bergamo,016178,Bergamo,16
ranzanico,bergamo,016179,Bergamo,16
rasura,sondrio,014055,Sondrio,14
rea,pavia,018119,Pavia,18
redavalle,pavia,018120,Pavia,18
redondesco,mantova,020048,Mantova,20
remedello,brescia,017160,Brescia,17
renate,monza e brianza,108037,Monza e Brianza,108
rescaldina,milano,015181,Milano,215
retorbido,pavia,018121,Pavia,18
rezzago,como,013195,Como,13
rezzato,brescia,017161,Brescia,17
rho,milano,015182,Milano,215
ricengo,cremona,019079,Cremona,19
ripalta arpina,cremona,019080,Cremona,19
ripalta cremasca,cremona,019081,Cremona,19
ripalta guerina,cremona,019082,Cremona,19
riva di solto,bergamo,016180,Bergamo,16
rivanazzano terme,pavia,018122,Pavia,18
rivarolo del re ed uniti,cremona,019083,Cremona,19
rivarolo mantovano,mantova,020050,Mantova,20
rivolta d adda,cremona,019084,Cremona,19
roa volciano,brescia,017164,Brescia,17
robbiate,lecco,097071,Lecco,97
robbio,pavia,018123,Pavia,18
robecchetto con induno,milano,015183,Milano,215
robecco d oglio,cremona,019085,Cremona,19
robecco pavese,pavia,018124,Pavia,18
robecco sul naviglio,milano,015184,Milano,215
rocca de giorgi,pavia,018125,Pavia,18
rocca susella,pavia,018126,Pavia,18
roccafranca,brescia,017162,Brescia,17
rodano,milano,015185,Milano,215
rodengo saiano,brescia,017163,Brescia,17
rodero,como,013197,Como,13
rodigo,mantova,020051,Mantova,20
rogeno,lecco,097072,Lecco,97
rognano,pavia,018127,Pavia,18
rogno,bergamo,016182,Bergamo,16
rogolo,sondrio,014056,Sondrio,14
romagnese,pavia,018128,Pavia,18
romanengo,cremona,019086,Cremona,19
romano di lombardia,bergamo,016183,Bergamo,16
roncadelle,brescia,017165,Brescia,17
roncaro,pavia,018129,Pavia,18
roncello,monza e brianza,108055,Monza e Brianza,108
ronco briantino,monza e brianza,108038,Monza e Brianza,108
roncobello,bergamo,016184,Bergamo,16
roncoferraro,mantova,020052,Mantova,20
roncola,bergamo,016185,Bergamo,16
rosasco,pavia,018130,Pavia,18
rosate,milano,015188,Milano,215
rota d imagna,bergamo,016186,Bergamo,16
rovato,brescia,017166,Brescia,17
rovellasca,como,013201,Como,13
rovello porro,como,013202,Como,13
roverbella,mantova,020053,Mantova,20
rovescala,pavia,018131,Pavia,18
rovetta,bergamo,016187,Bergamo,16
rozzano,milano,015189,Milano,215
rudiano,brescia,017167,Brescia,17
sabbio chiese,brescia,017168,Brescia,17
sabbioneta,mantova,020054,Mantova,20
sala comacina,como,013203,Como,13
sala2,brescia,017170,Brescia,17
sale marasino,brescia,017169,Brescia,17
salerano sul lambro,lodi,098046,Lodi,98
saltrio,varese,012117,Varese,12
salvirola,cremona,019087,Cremona,19
samarate,varese,012118,Varese,12
samolaco,sondrio,014057,Sondrio,14
san bartolomeo val cavargna,como,013204,Como,13
san bassano,cremona,019088,Cremona,19
san benedetto po,mantova,020055,Mantova,20
san cipriano po,pavia,018133,Pavia,18
san colombano al lambro,milano,015191,Milano,215
san damiano al colle,pavia,018134,Pavia,18
san daniele po,cremona,019089,Cremona,19
san donato milanese,milano,015192,Milano,215
san felice del benaco,brescia,017171,Brescia,17
san fermo della battaglia,como,013206,Como,13
san fiorano,lodi,098047,Lodi,98
san genesio ed uniti,pavia,018135,Pavia,18
san gervasio bresciano,brescia,017172,Brescia,17
san giacomo delle segnate,mantova,020056,Mantova,20
san giacomo filippo,sondrio,014058,Sondrio,14
san giorgio bigarello,mantova,020057,Mantova,20
san giorgio di lomellina,pavia,018136,Pavia,18
san giorgio su legnano,milano,015194,Milano,215
san giovanni bianco,bergamo,016188,Bergamo,16
san giovanni del dosso,mantova,020058,Mantova,20
san giovanni in croce,cremona,019090,Cremona,19
san giuliano milanese,milano,015195,Milano,215
san martino dall argine,mantova,020059,Mantova,20
san martino del lago,cremona,019091,Cremona,19
san martino in strada,lodi,098048,Lodi,98
san martino siccomario,pavia,018137,Pavia,18
san nazzaro val cavargna,como,013207,Como,13
san paolo,brescia,017138,Brescia,17
san paolo d argon,bergamo,016189,Bergamo,16
san pellegrino terme,bergamo,016190,Bergamo,16
san rocco al porto,lodi,098049,Lodi,98
san siro,como,013248,Como,13
san vittore olona,milano,015201,Milano,215
san zeno naviglio,brescia,017173,Brescia,17
san zenone al lambro,milano,015202,Milano,215
san zenone al po,pavia,018145,Pavia,18
sangiano,varese,012141,Varese,12
sannazzaro de burgondi,pavia,018138,Pavia,18
sant alessio con vialone,pavia,018141,Pavia,18
sant angelo lodigiano,lodi,098050,Lodi,98
sant angelo lomellina,pavia,018144,Pavia,18
sant omobono terme,bergamo,016252,Bergamo,16
santa brigida,bergamo,016191,Bergamo,16
santa cristina e bissone,pavia,018139,Pavia,18
santa giuletta,pavia,018140,Pavia,18
santa margherita di staffora,pavia,018142,Pavia,18
santa maria della versa,pavia,018143,Pavia,18
santa maria hoa,lecco,097074,Lecco,97
santo stefano lodigiano,lodi,098051,Lodi,98
santo stefano ticino,milano,015200,Milano,215
sarezzo,brescia,017174,Brescia,17
sarnico,bergamo,016193,Bergamo,16
saronno,varese,012119,Varese,12
sartirana lomellina,pavia,018146,Pavia,18
saviore dell adamello,brescia,017175,Brescia,17
scaldasole,pavia,018147,Pavia,18
scandolara ravara,cremona,019092,Cremona,19
scandolara ripa d oglio,cremona,019093,Cremona,19
scanzorosciate,bergamo,016194,Bergamo,16
schignano,como,013211,Como,13
schilpario,bergamo,016195,Bergamo,16
schivenoglia,mantova,020060,Mantova,20
secugnago,lodi,098052,Lodi,98
sedriano,milano,015204,Milano,215
sedrina,bergamo,016196,Bergamo,16
segrate,milano,015205,Milano,215
sellero,brescia,017176,Brescia,17
selvino,bergamo,016197,Bergamo,16
semiana,pavia,018148,Pavia,18
senago,milano,015206,Milano,215
seniga,brescia,017177,Brescia,17
senna comasco,como,013212,Como,13
senna lodigiana,lodi,098053,Lodi,98
seregno,monza e brianza,108039,Monza e Brianza,108
sergnano,cremona,019094,Cremona,19
seriate,bergamo,016198,Bergamo,16
serina,bergamo,016199,Bergamo,16
serle,brescia,017178,Brescia,17
sermide e felonica,mantova,020061,Mantova,20
sernio,sondrio,014059,Sondrio,14
serravalle a po,mantova,020062,Mantova,20
sesto calende,varese,012120,Varese,12
sesto ed uniti,cremona,019095,Cremona,19
sesto san giovanni,milano,015209,Milano,215
settala,milano,015210,Milano,215
settimo milanese,milano,015211,Milano,215
seveso,monza e brianza,108040,Monza e Brianza,108
silvano pietra,pavia,018149,Pavia,18
sirmione,brescia,017179,Brescia,17
sirone,lecco,097075,Lecco,97
sirtori,lecco,097076,Lecco,97
siziano,pavia,018150,Pavia,18
soiano del lago,brescia,017180,Brescia,17
solaro,milano,015213,Milano,215
solarolo rainerio,cremona,019096,Cremona,19
solbiate arno,varese,012121,Varese,12
solbiate con cagno,como,013255,Como,13
solbiate olona,varese,012122,Varese,12
solferino,mantova,020063,Mantova,20
solto collina,bergamo,016200,Bergamo,16
solza,bergamo,016251,Bergamo,16
somaglia,lodi,098054,Lodi,98
somma lombardo,varese,012123,Varese,12
sommo,pavia,018151,Pavia,18
soncino,cremona,019097,Cremona,19
sondalo,sondrio,014060,Sondrio,14
sondrio,sondrio,014061,Sondrio,14
songavazzo,bergamo,016201,Bergamo,16
sonico,brescia,017181,Brescia,17
sordio,lodi,098055,Lodi,98
soresina,cremona,019098,Cremona,19
sorico,como,013216,Como,13
sorisole,bergamo,016202,Bergamo,16
sormano,como,013217,Como,13
sospiro,cremona,019099,Cremona,19
sotto il monte giovanni xxiii,bergamo,016203,Bergamo,16
sovere,bergamo,016204,Bergamo,16
sovico,monza e brianza,108041,Monza e Brianza,108
spessa,pavia,018152,Pavia,18
spinadesco,cremona,019100,Cremona,19
spineda,cremona,019101,Cremona,19
spino d adda,cremona,019102,Cremona,19
spinone al lago,bergamo,016205,Bergamo,16
spirano,bergamo,016206,Bergamo,16
spriana,sondrio,014062,Sondrio,14
stagno lombardo,cremona,019103,Cremona,19
stazzona,como,013218,Como,13
stezzano,bergamo,016207,Bergamo,16
stradella,pavia,018153,Pavia,18
strozza,bergamo,016208,Bergamo,16
suardi,pavia,018154,Pavia,18
sueglio,lecco,097077,Lecco,97
suello,lecco,097078,Lecco,97
suisio,bergamo,016209,Bergamo,16
sulbiate,monza e brianza,108042,Monza e Brianza,108
sulzano,brescia,017182,Brescia,17
sumirago,varese,012124,Varese,12
sustinente,mantova,020064,Mantova,20
suzzara,mantova,020065,Mantova,20
taceno,lecco,097079,Lecco,97
taino,varese,012125,Varese,12
talamona,sondrio,014063,Sondrio,14
taleggio,bergamo,016210,Bergamo,16
tartano,sondrio,014064,Sondrio,14
tavazzano con villavesco,lodi,098056,Lodi,98
tavernerio,como,013222,Como,13
tavernola bergamasca,bergamo,016211,Bergamo,16
tavernole sul mella,brescia,017183,Brescia,17
teglio,sondrio,014065,Sondrio,14
telgate,bergamo,016212,Bergamo,16
tema1,brescia,017184,Brescia,17
ternate,varese,012126,Varese,12
terno d isola,bergamo,016213,Bergamo,16
terranova dei passerini,lodi,098057,Lodi,98
ticengo,cremona,019104,Cremona,19
tignale,brescia,017185,Brescia,17
tirano,sondrio,014066,Sondrio,14
torbole casaglia,brescia,017186,Brescia,17
torlino vimercati,cremona,019105,Cremona,19
tornata,cremona,019106,Cremona,19
torno,como,013223,Como,13
torrazza coste,pavia,018155,Pavia,18
torre beretti e castellaro,pavia,018156,Pavia,18
torre boldone,bergamo,016214,Bergamo,16
torre d arese,pavia,018157,Pavia,18
torre d isola,pavia,018159,Pavia,18
torre de busi,bergamo,016215,Bergamo,16
torre de negri,pavia,018158,Pavia,18
torre de picenardi,cremona,019107,Cremona,19
torre de roveri,bergamo,016216,Bergamo,16
torre di santa maria,sondrio,014067,Sondrio,14
torre pallavicina,bergamo,016217,Bergamo,16
torrevecchia pia,pavia,018160,Pavia,18
torricella del pizzo,cremona,019108,Cremona,19
torricella verzate,pavia,018161,Pavia,18
toscolano maderno,brescia,017187,Brescia,17
tovo di sant agata,sondrio,014068,Sondrio,14
tradate,varese,012127,Varese,12
traona,sondrio,014069,Sondrio,14
travaca2 siccomario,pavia,018162,Pavia,18
travagliato,brescia,017188,Brescia,17
travedona monate,varese,012128,Varese,12
tremezzina,como,013252,Como,13
tremosine sul garda,brescia,017189,Brescia,17
trenzano,brescia,017190,Brescia,17
trescore balneario,bergamo,016218,Bergamo,16
trescore cremasco,cremona,019109,Cremona,19
tresivio,sondrio,014070,Sondrio,14
treviglio,bergamo,016219,Bergamo,16
treviolo,bergamo,016220,Bergamo,16
treviso bresciano,brescia,017191,Brescia,17
trezzano rosa,milano,015219,Milano,215
trezzano sul naviglio,milano,015220,Milano,215
trezzo sull adda,milano,015221,Milano,215
trezzone,como,013226,Como,13
tribiano,milano,015222,Milano,215
trigolo,cremona,019110,Cremona,19
triuggio,monza e brianza,108043,Monza e Brianza,108
trivolzio,pavia,018163,Pavia,18
tromello,pavia,018164,Pavia,18
tronzano lago maggiore,varese,012129,Varese,12
trovo,pavia,018165,Pavia,18
truccazzano,milano,015224,Milano,215
turano lodigiano,lodi,098058,Lodi,98
turate,como,013227,Como,13
turbigo,milano,015226,Milano,215
ubiale clanezzo,bergamo,016221,Bergamo,16
uboldo,varese,012130,Varese,12
uggiate con ronago,como,013256,Como,13
urago d oglio,brescia,017192,Brescia,17
urgnano,bergamo,016222,Bergamo,16
usmate velate,monza e brianza,108044,Monza e Brianza,108
vaiano cremasco,cremona,019111,Cremona,19
vailate,cremona,019112,Cremona,19
val brembilla,bergamo,016253,Bergamo,16
val di nizza,pavia,018166,Pavia,18
val masino,sondrio,014074,Sondrio,14
val rezzo,como,013233,Como,13
valbondione,bergamo,016223,Bergamo,16
valbrembo,bergamo,016224,Bergamo,16
valbrona,como,013229,Como,13
valdidentro,sondrio,014071,Sondrio,14
valdisotto,sondrio,014072,Sondrio,14
valeggio,pavia,018167,Pavia,18
valera fratta,lodi,098059,Lodi,98
valfurva,sondrio,014073,Sondrio,14
valganna,varese,012131,Varese,12
valgoglio,bergamo,016225,Bergamo,16
valgreghentino,lecco,097082,Lecco,97
valle lomellina,pavia,018168,Pavia,18
valle salimbene,pavia,018169,Pavia,18
valleve,bergamo,016226,Bergamo,16
vallio terme,brescia,017193,Brescia,17
valmadrera,lecco,097083,Lecco,97
valmorea,como,013232,Como,13
valnegra,bergamo,016227,Bergamo,16
valsolda,como,013234,Como,13
valtorta,bergamo,016229,Bergamo,16
valvarrone,lecco,097093,Lecco,97
valvestino,brescia,017194,Brescia,17
vanzaghello,milano,015249,Milano,215
vanzago,milano,015229,Milano,215
vaprio d adda,milano,015230,Milano,215
varano borghi,varese,012132,Varese,12
varedo,monza e brianza,108045,Monza e Brianza,108
varenna,lecco,097084,Lecco,97
varese,varese,012133,Varese,12
varzi,pavia,018171,Pavia,18
vedano al lambro,monza e brianza,108046,Monza e Brianza,108
vedano olona,varese,012134,Varese,12
vedeseta,bergamo,016230,Bergamo,16
veduggio con colzano,monza e brianza,108047,Monza e Brianza,108
veleso,como,013236,Como,13
velezzo lomellina,pavia,018172,Pavia,18
vellezzo bellini,pavia,018173,Pavia,18
venegono inferiore,varese,012136,Varese,12
venegono superiore,varese,012137,Varese,12
veniano,como,013238,Como,13
verano brianza,monza e brianza,108048,Monza e Brianza,108
vercana,como,013239,Como,13
verceia,sondrio,014075,Sondrio,14
vercurago,lecco,097086,Lecco,97
verdellino,bergamo,016232,Bergamo,16
verdello,bergamo,016233,Bergamo,16
verderio,lecco,097091,Lecco,97
vergiate,varese,012138,Varese,12
vermezzo con zelo,milano,015251,Milano,215
vernate,milano,015236,Milano,215
verolanuova,brescia,017195,Brescia,17
verolavecchia,brescia,017196,Brescia,17
verretto,pavia,018174,Pavia,18
verrua po,pavia,018175,Pavia,18
vertemate con minoprio,como,013242,Como,13
vertova,bergamo,016234,Bergamo,16
vervio,sondrio,014076,Sondrio,14
vescovato,cremona,019113,Cremona,19
vestone,brescia,017197,Brescia,17
vezza d oglio,brescia,017198,Brescia,17
viadana,mantova,020066,Mantova,20
viadanica,bergamo,016235,Bergamo,16
vidigulfo,pavia,018176,Pavia,18
vigana2,lecco,097090,Lecco,97
vigano san martino,bergamo,016236,Bergamo,16
vigevano,pavia,018177,Pavia,18
viggia1,varese,012139,Varese,12
vignate,milano,015237,Milano,215
vigolo,bergamo,016237,Bergamo,16
villa biscossi,pavia,018178,Pavia,18
villa carcina,brescia,017199,Brescia,17
villa cortese,milano,015248,Milano,215
villa d adda,bergamo,016238,Bergamo,16
villa d alma,bergamo,016239,Bergamo,16
villa d ogna,bergamo,016241,Bergamo,16
villa di chiavenna,sondrio,014077,Sondrio,14
villa di serio,bergamo,016240,Bergamo,16
villa di tirano,sondrio,014078,Sondrio,14
villa guardia,como,013245,Como,13
villachiara,brescia,017200,Brescia,17
villanova d ardenghi,pavia,018179,Pavia,18
villanova del sillaro,lodi,098060,Lodi,98
villanterio,pavia,018180,Pavia,18
villanuova sul clisi,brescia,017201,Brescia,17
villasanta,monza e brianza,108049,Monza e Brianza,108
villimpenta,mantova,020068,Mantova,20
villongo,bergamo,016242,Bergamo,16
vilminore di scalve,bergamo,016243,Bergamo,16
vimercate,monza e brianza,108050,Monza e Brianza,108
vimodrone,milano,015242,Milano,215
vione,brescia,017202,Brescia,17
visano,brescia,017203,Brescia,17
vistarino,pavia,018181,Pavia,18
vittuone,milano,015243,Milano,215
vizzola ticino,varese,012140,Varese,12
vizzolo predabissi,milano,015244,Milano,215
vobarno,brescia,017204,Brescia,17
voghera,pavia,018182,Pavia,18
volongo,cremona,019114,Cremona,19
volpara,pavia,018183,Pavia,18
volta mantovana,mantova,020070,Mantova,20
voltido,cremona,019115,Cremona,19
zandobbio,bergamo,016244,Bergamo,16
zanica,bergamo,016245,Bergamo,16
zavattarello,pavia,018184,Pavia,18
zeccone,pavia,018185,Pavia,18
zelbio,como,013246,Como,13
zelo buon persico,lodi,098061,Lodi,98
zeme,pavia,018186,Pavia,18
zenevredo,pavia,018187,Pavia,18
zerbo,pavia,018188,Pavia,18
zerbola2,pavia,018189,Pavia,18
zibido san giacomo,milano,015247,Milano,215
zinasco,pavia,018190,Pavia,18
zogno,bergamo,016246,Bergamo,16
zone,brescia,017205,Brescia,17
